{
    "small": {
        "forward_time": {
            "avg_times": 0.02229672870016657,
            "std_times": 0.0007399420137517154
        },
        "backward_time": {
            "avg_times": 0.023672309000357928,
            "std_times": 0.00041088787838816643
        }
    },
    "medium": {
        "forward_time": {
            "avg_times": 0.04305250630022783,
            "std_times": 0.0007423819624818861
        },
        "backward_time": {
            "avg_times": 0.0451965182001004,
            "std_times": 0.0012884815223515034
        }
    },
    "large": {
        "forward_time": {
            "avg_times": 0.06574510249974992,
            "std_times": 0.0007746485061943531
        },
        "backward_time": {
            "avg_times": 0.0698415593999016,
            "std_times": 0.0018376297084614635
        }
    },
    "xl": {
        "forward_time": {
            "avg_times": 0.08858677990010619,
            "std_times": 0.0014760912163183093
        },
        "backward_time": {
            "avg_times": 0.09334984329980216,
            "std_times": 0.001583217759616673
        }
    },
    "2.7B": {
        "forward_time": {
            "avg_times": 0.05944007709986181,
            "std_times": 0.001876978320069611
        },
        "backward_time": {
            "avg_times": 0.08851058469954295,
            "std_times": 0.00027166170184500515
        }
    }
}