{
    "small": {
        "forward_time": {
            "avg_times": 0.06184175190028327,
            "std_times": 0.12540732324123383
        },
        "backward_time": {
            "avg_times": 0.0352642781999748,
            "std_times": 0.03981836512684822
        }
    },
    "medium": {
        "forward_time": {
            "avg_times": 0.05508758960004343,
            "std_times": 0.03675009682774544
        },
        "backward_time": {
            "avg_times": 0.04535579170005803,
            "std_times": 0.004340394865721464
        }
    },
    "large": {
        "forward_time": {
            "avg_times": 0.07044003809987771,
            "std_times": 0.015172012150287628
        },
        "backward_time": {
            "avg_times": 0.06949292099998275,
            "std_times": 0.006834280211478472
        }
    },
    "xl": {
        "forward_time": {
            "avg_times": 0.09275518260001263,
            "std_times": 0.013840694911777973
        },
        "backward_time": {
            "avg_times": 0.09511255369980062,
            "std_times": 0.010435188189148903
        }
    },
    "2.7B": {
        "forward_time": {
            "avg_times": 0.06369613229981042,
            "std_times": 0.016184041276574135
        },
        "backward_time": {
            "avg_times": 0.0884291561002101,
            "std_times": 0.00042882084380835295
        }
    }
}