{
    "small": {
        "forward_time": {
            "avg_times": 0.021661499700167043,
            "std_times": 0.00022647788864560425
        },
        "backward_time": {
            "avg_times": 0.022277837000001455,
            "std_times": 0.00020229793153703213
        }
    },
    "medium": {
        "forward_time": {
            "avg_times": 0.04320703949979361,
            "std_times": 0.00010050778655568138
        },
        "backward_time": {
            "avg_times": 0.043247359900033186,
            "std_times": 0.00022601807722821832
        }
    },
    "large": {
        "forward_time": {
            "avg_times": 0.06469395550020636,
            "std_times": 0.000344990286976099
        },
        "backward_time": {
            "avg_times": 0.06671068259993262,
            "std_times": 0.0015197471948340535
        }
    },
    "xl": {
        "forward_time": {
            "avg_times": 0.08720050330011872,
            "std_times": 0.0006080131861381233
        },
        "backward_time": {
            "avg_times": 0.08814739859981273,
            "std_times": 0.0005702722701244056
        }
    },
    "2.7B": {
        "forward_time": {
            "avg_times": 0.05786113290005233,
            "std_times": 0.0003538257733453065
        },
        "backward_time": {
            "avg_times": 0.08843116680009189,
            "std_times": 7.420667679980397e-05
        }
    }
}